SN,Company Code,Invoice Receipt Date,Vendor Code,Vendor Name,Invoice No.,Invoice Type,PC Type,PO Number,PO Creation Date,PO Approval Date,PO Status,PO Value,Currency,Invoice Date,Invoice Value HT,VAT Amount,Invoice Value TTC,Work Description,Department,Cost Center,Requester,Type of Payment,Payment Terms,Due Date,SES/GRN No.,SES/GRN Status,PC Sent Date,GRN/SES Received Date,Submit to Finance Date,Invoice Approval Date,Payment Date,Payment Reference,Payment Status,Invoice Paid Amount,Invoice Outstanding,Previous Invoiced Value,Cumulative Invoiced Value,Remaining PO Balance,PO Utilization %,PO Variance,Over-Invoiced Flag,Previous Paid Amount,Cumulative Paid Amount,PO Unpaid Balance,Final Invoice Flag,Exception / Hold Reason,Invoice Status,Remarks,Invoice Receipt → PC Request Days,PC Sent → GRN/SES Days,GRN/SES → Finance Days,Finance → Payment Days,Invoice Receipt → Payment Days
1,BIS,05/03/2026,FOU-001,Benin Industrial Supply,INV-0100-01,Material,Standard,PO-2026-0100,01/03/2026,03/03/2026,Partially Invoiced,10 000 000,XOF,04/03/2026,1 694 915,305 085,2 000 000,Industrial steel,Operations,CC-0004,EMP-0013,Bank Transfer,30,03/04/2026,GRN-0100-01,Complete,06/03/2026,10/03/2026,11/03/2026,12/03/2026,22/03/2026,PAY-0100-01,Paid,2000000,0,0,2000000,8000000,20%,-8000000,No,0,2000000,8000000,No,,Approved,Invoice 1 against PO-2026-0100,1,4,1,10,17
2,BIS,25/03/2026,FOU-001,Benin Industrial Supply,INV-0100-02,Material,Standard,PO-2026-0100,01/03/2026,03/03/2026,Partially Invoiced,10 000 000,XOF,23/03/2026,2 542 373,457 627,3 000 000,Industrial steel,Operations,CC-0004,EMP-0013,Bank Transfer,30,22/04/2026,GRN-0100-02,Complete,26/03/2026,30/03/2026,31/03/2026,02/04/2026,15/04/2026,PAY-0100-02,Partially Paid,1000000,2000000,2000000,5000000,5000000,50%,-5000000,No,2000000,3000000,7000000,No,,Approved,Invoice 2 against PO-2026-0100,1,4,1,13,21
3,BIS,20/04/2026,FOU-001,Benin Industrial Supply,INV-0100-03,Material,Standard,PO-2026-0100,01/03/2026,03/03/2026,Closed,10 000 000,XOF,18/04/2026,4 237 288,762 712,5 000 000,Industrial steel,Operations,CC-0004,EMP-0013,Bank Transfer,30,18/05/2026,GRN-0100-03,Complete,21/04/2026,27/04/2026,28/04/2026,29/04/2026,10/05/2026,PAY-0100-03,Paid,5000000,0,5000000,10000000,0,100%,0,No,3000000,8000000,2000000,Yes,,Approved,Final invoice,1,6,1,11,20
4,BIS,06/03/2026,FOU-005,Africa Machinery Benin,INV-0101-01,Material,Standard,PO-2026-0101,11/03/2026,13/03/2026,Partially Invoiced,12 000 000,XOF,14/03/2026,3 389 831,610 169,4 000 000,Industrial machinery,Operations,CC-0004,EMP-0014,Bank Transfer,30,13/04/2026,GRN-0101-01,Complete,07/03/2026,11/03/2026,12/03/2026,13/03/2026,23/03/2026,PAY-0101-01,Paid,4000000,0,0,4000000,8000000,33.33%,-8000000,No,0,4000000,8000000,No,,Approved,Invoice 1 against PO-2026-0101,1,4,1,10,17
5,BIS,26/03/2026,FOU-005,Africa Machinery Benin,INV-0101-02,Material,Standard,PO-2026-0101,11/03/2026,13/03/2026,Partially Invoiced,12 000 000,XOF,24/03/2026,3 389 831,610 169,4 000 000,Industrial machinery,Operations,CC-0004,EMP-0014,Bank Transfer,30,23/04/2026,GRN-0101-02,Complete,27/03/2026,31/03/2026,01/04/2026,02/04/2026,15/04/2026,PAY-0101-02,Paid,4000000,0,4000000,8000000,4000000,66.67%,-4000000,No,4000000,8000000,4000000,No,,Approved,Invoice 2 against PO-2026-0101,1,4,1,13,20
6,BIS,15/04/2026,FOU-005,Africa Machinery Benin,INV-0101-03,Material,Standard,PO-2026-0101,11/03/2026,13/03/2026,Closed,12 000 000,XOF,13/04/2026,3 389 831,610 169,4 000 000,Industrial machinery,Operations,CC-0004,EMP-0014,Bank Transfer,30,13/05/2026,GRN-0101-03,Complete,16/04/2026,22/04/2026,23/04/2026,24/04/2026,05/05/2026,PAY-0101-03,Paid,4000000,0,8000000,12000000,0,100%,0,No,8000000,12000000,0,Yes,,Approved,Final invoice,1,6,1,11,20
7,BIS,16/03/2026,FOU-021,Tech Equipment Benin,INV-0102-01,Material,Standard,PO-2026-0102,21/03/2026,23/03/2026,Partially Invoiced,8 000 000,XOF,24/03/2026,2 118 644,381 356,2 500 000,IT equipment,IT,CC-0008,EMP-0026,Bank Transfer,30,23/04/2026,GRN-0102-01,Complete,17/03/2026,21/03/2026,22/03/2026,23/03/2026,02/04/2026,PAY-0102-01,Paid,2500000,0,0,2500000,5500000,31.25%,-5500000,No,0,2500000,5500000,No,,Approved,Invoice 1,1,4,1,10,17
8,BIS,05/04/2026,FOU-021,Tech Equipment Benin,INV-0102-02,Material,Standard,PO-2026-0102,21/03/2026,23/03/2026,Partially Invoiced,8 000 000,XOF,04/04/2026,2 118 644,381 356,2 500 000,IT equipment,IT,CC-0008,EMP-0026,Bank Transfer,30,04/05/2026,GRN-0102-02,Complete,06/04/2026,10/04/2026,11/04/2026,12/04/2026,25/04/2026,PAY-0102-02,Paid,2500000,0,2500000,5000000,3000000,62.5%,-3000000,No,2500000,5000000,3000000,Yes,,Approved,Final invoice for current scope,1,4,1,13,20
9,BIS,26/03/2026,FOU-017,Industrial Chemicals Benin,INV-0103-01,Material,Standard,PO-2026-0103,31/03/2026,02/04/2026,Partially Invoiced,7 000 000,XOF,03/04/2026,2 966 102,533 898,3 500 000,Industrial chemicals,Operations,CC-0004,EMP-0013,Bank Transfer,30,03/05/2026,GRN-0103-01,Complete,27/03/2026,31/03/2026,01/04/2026,02/04/2026,12/04/2026,PAY-0103-01,Paid,3500000,0,0,3500000,3500000,50%,-3500000,No,0,3500000,3500000,No,,Approved,Invoice 1,1,4,1,10,17
10,BIS,16/04/2026,FOU-017,Industrial Chemicals Benin,INV-0103-02,Material,Standard,PO-2026-0103,31/03/2026,02/04/2026,Closed,7 000 000,XOF,23/04/2026,2 966 102,533 898,3 500 000,Industrial chemicals,Operations,CC-0004,EMP-0013,Bank Transfer,30,23/05/2026,GRN-0103-02,Complete,17/04/2026,21/04/2026,22/04/2026,23/04/2026,05/05/2026,PAY-0103-02,Paid,3500000,0,3500000,7000000,0,100%,0,No,3500000,7000000,0,Yes,,Approved,Final invoice,1,4,1,12,19
11,BIS,05/04/2026,FOU-018,MetalWorks Benin,INV-0104-01,Material,Standard,PO-2026-0104,10/04/2026,12/04/2026,Partially Invoiced,15 000 000,XOF,13/04/2026,4 237 288,762 712,5 000 000,Metals and components,Operations,CC-0004,EMP-0013,Bank Transfer,30,13/05/2026,GRN-0104-01,Complete,06/04/2026,10/04/2026,11/04/2026,12/04/2026,22/04/2026,PAY-0104-01,Paid,5000000,0,0,5000000,10000000,33.33%,-10000000,No,0,5000000,10000000,No,,Approved,Invoice 1,1,4,1,10,17
12,BIS,25/04/2026,FOU-018,MetalWorks Benin,INV-0104-02,Material,Standard,PO-2026-0104,10/04/2026,12/04/2026,Partially Invoiced,15 000 000,XOF,23/04/2026,5 084 746,915 254,6 000 000,Metals and components,Operations,CC-0004,EMP-0013,Bank Transfer,30,23/05/2026,GRN-0104-02,Complete,26/04/2026,30/04/2026,01/05/2026,02/05/2026,15/05/2026,PAY-0104-02,Partially Paid,3000000,3000000,5000000,11000000,4000000,73.33%,-4000000,No,5000000,8000000,7000000,No,,Approved,Partial payment,1,4,1,13,20
13,BIS,15/05/2026,FOU-018,MetalWorks Benin,INV-0104-03,Material,Standard,PO-2026-0104,10/04/2026,12/04/2026,Closed,15 000 000,XOF,13/05/2026,3 389 831,610 169,4 000 000,Metals and components,Operations,CC-0004,EMP-0013,Bank Transfer,30,12/06/2026,GRN-0104-03,Complete,16/05/2026,22/05/2026,23/05/2026,24/05/2026,04/06/2026,PAY-0104-03,Paid,4000000,0,11000000,15000000,0,100%,0,No,8000000,12000000,3000000,Yes,,Approved,Final invoice,1,6,1,11,20
14,BIS,06/05/2026,FOU-009,Immo Atlantique,INV-0105-01,Service,Standard,PO-2026-0105,20/05/2026,22/05/2026,Partially Invoiced,3 600 000,XOF,23/05/2026,1 016 949,183 051,1 200 000,Office rent,Administration,CC-0001,EMP-0029,Bank Transfer,30,22/06/2026,SES-0105-01,Complete,07/05/2026,11/05/2026,12/05/2026,13/05/2026,23/05/2026,PAY-0105-01,Paid,1200000,0,0,1200000,2400000,33.33%,-2400000,No,0,1200000,2400000,No,,Approved,Monthly rent invoice,1,4,1,10,17
15,BIS,25/05/2026,FOU-009,Immo Atlantique,INV-0105-02,Service,Standard,PO-2026-0105,20/05/2026,22/05/2026,Partially Invoiced,3 600 000,XOF,24/05/2026,1 016 949,183 051,1 200 000,Office rent,Administration,CC-0001,EMP-0029,Bank Transfer,30,23/06/2026,SES-0105-02,Complete,26/05/2026,30/05/2026,31/05/2026,01/06/2026,11/06/2026,PAY-0105-02,Paid,1200000,0,1200000,2400000,1200000,66.67%,-1200000,No,1200000,2400000,1200000,No,,Approved,Monthly rent invoice,1,4,1,10,17
16,BIS,15/06/2026,FOU-009,Immo Atlantique,INV-0105-03,Service,Standard,PO-2026-0105,20/05/2026,22/05/2026,Closed,3 600 000,XOF,14/06/2026,1 016 949,183 051,1 200 000,Office rent,Administration,CC-0001,EMP-0029,Bank Transfer,30,14/07/2026,SES-0105-03,Complete,16/06/2026,22/06/2026,23/06/2026,24/06/2026,04/07/2026,PAY-0105-03,Paid,1200000,0,2400000,3600000,0,100%,0,No,2400000,3600000,0,Yes,,Approved,Final invoice,1,6,1,10,19
17,BIS,15/05/2026,FOU-014,Digital Solutions Benin,INV-0106-01,Service,Standard,PO-2026-0106,30/05/2026,01/06/2026,Partially Invoiced,3 000 000,XOF,02/06/2026,847 458,152 542,1 000 000,Software maintenance,IT,CC-0008,EMP-0026,Bank Transfer,30,02/07/2026,SES-0106-01,Complete,16/05/2026,20/05/2026,21/05/2026,22/05/2026,01/06/2026,PAY-0106-01,Paid,1000000,0,0,1000000,2000000,33.33%,-2000000,No,0,1000000,2000000,No,,Approved,Monthly service,1,4,1,10,17
18,BIS,05/06/2026,FOU-014,Digital Solutions Benin,INV-0106-02,Service,Standard,PO-2026-0106,30/05/2026,01/06/2026,Partially Invoiced,3 000 000,XOF,04/06/2026,847 458,152 542,1 000 000,Software maintenance,IT,CC-0008,EMP-0026,Bank Transfer,30,04/07/2026,SES-0106-02,Complete,06/06/2026,10/06/2026,11/06/2026,12/06/2026,22/06/2026,PAY-0106-02,Paid,1000000,0,1000000,2000000,1000000,66.67%,-1000000,No,1000000,2000000,1000000,No,,Approved,Monthly service,1,4,1,10,17
19,BIS,25/06/2026,FOU-014,Digital Solutions Benin,INV-0106-03,Service,Standard,PO-2026-0106,30/05/2026,01/06/2026,Closed,3 000 000,XOF,24/06/2026,847 458,152 542,1 000 000,Software maintenance,IT,CC-0008,EMP-0026,Bank Transfer,30,24/07/2026,SES-0106-03,Complete,26/06/2026,30/06/2026,01/07/2026,02/07/2026,12/07/2026,PAY-0106-03,Paid,1000000,0,2000000,3000000,0,100%,0,No,2000000,3000000,0,Yes,,Approved,Final service invoice,1,4,1,10,17
20,BIS,06/06/2026,FOU-016,Benin Fuel Services,INV-0107-01,Utility,Standard,PO-2026-0107,09/06/2026,11/06/2026,Partially Invoiced,9 000 000,XOF,12/06/2026,2 542 373,457 627,3 000 000,Fleet fuel,Logistics,CC-0006,EMP-0020,Bank Transfer,30,12/07/2026,GRN-0107-01,Complete,07/06/2026,11/06/2026,12/06/2026,13/06/2026,23/06/2026,PAY-0107-01,Paid,3000000,0,0,3000000,6000000,33.33%,-6000000,No,0,3000000,6000000,No,,Approved,Fuel supply,1,4,1,10,17
21,BIS,26/06/2026,FOU-016,Benin Fuel Services,INV-0107-02,Utility,Standard,PO-2026-0107,09/06/2026,11/06/2026,Partially Invoiced,9 000 000,XOF,25/06/2026,2 118 644,381 356,2 500 000,Fleet fuel,Logistics,CC-0006,EMP-0020,Bank Transfer,30,25/07/2026,GRN-0107-02,Complete,27/06/2026,01/07/2026,02/07/2026,03/07/2026,13/07/2026,PAY-0107-02,Paid,2500000,0,3000000,5500000,3500000,61.11%,-3500000,No,3000000,5500000,3500000,No,,Approved,Fuel supply,1,4,1,10,17
22,BIS,16/07/2026,FOU-016,Benin Fuel Services,INV-0107-03,Utility,Standard,PO-2026-0107,09/06/2026,11/06/2026,Closed,9 000 000,XOF,15/07/2026,2 966 102,533 898,3 500 000,Fleet fuel,Logistics,CC-0006,EMP-0020,Bank Transfer,30,14/08/2026,GRN-0107-03,Complete,17/07/2026,23/07/2026,24/07/2026,25/07/2026,05/08/2026,PAY-0107-03,Paid,3500000,0,5500000,9000000,0,100%,0,No,5500000,9000000,0,Yes,,Approved,Final fuel invoice,1,6,1,11,20
23,BIS,07/07/2026,FOU-027,Safety Equipment BJ,INV-0108-01,Material,Standard,PO-2026-0108,19/06/2026,21/06/2026,Partially Invoiced,5 000 000,XOF,22/06/2026,1 694 915,305 085,2 000 000,Safety equipment,Operations,CC-0004,EMP-0014,Bank Transfer,30,22/07/2026,GRN-0108-01,Complete,08/07/2026,12/07/2026,13/07/2026,14/07/2026,24/07/2026,PAY-0108-01,Paid,2000000,0,0,2000000,3000000,40%,-3000000,No,0,2000000,3000000,No,,Approved,PPE supply,1,4,1,10,17
24,BIS,27/07/2026,FOU-027,Safety Equipment BJ,INV-0108-02,Material,Standard,PO-2026-0108,19/06/2026,21/06/2026,Partially Invoiced,5 000 000,XOF,26/07/2026,1 694 915,305 085,2 000 000,Safety equipment,Operations,CC-0004,EMP-0014,Bank Transfer,30,25/08/2026,GRN-0108-02,Complete,28/07/2026,01/08/2026,02/08/2026,03/08/2026,18/08/2026,PAY-0108-02,Partially Paid,1000000,1000000,2000000,4000000,1000000,80%,-1000000,No,2000000,3000000,2000000,No,,Approved,Partial payment,1,4,1,15,22
25,BIS,16/08/2026,FOU-027,Safety Equipment BJ,INV-0108-03,Material,Standard,PO-2026-0108,19/06/2026,21/06/2026,Closed,5 000 000,XOF,15/08/2026,1 271 186,228 814,1 500 000,Safety equipment,Operations,CC-0004,EMP-0014,Bank Transfer,30,14/09/2026,GRN-0108-03,Complete,17/08/2026,23/08/2026,24/08/2026,25/08/2026,04/09/2026,PAY-0108-03,Paid,1500000,0,4000000,5500000,-500000,110%,500000,Yes,3000000,4500000,500000,Yes,Over PO value,Exception,"Over-invoiced by 500,000 XOF",1,6,1,10,19
26,BIS,11/07/2026,FOU-002,Atlantique Office SARL,INV-0109-01,Material,Standard,PO-2026-0109,19/06/2026,21/06/2026,Partially Invoiced,2 500 000,XOF,10/07/2026,1 059 322,190 678,1 250 000,Office supplies,Administration,CC-0001,EMP-0029,Bank Transfer,30,09/08/2026,GRN-0109-01,Complete,12/07/2026,16/07/2026,17/07/2026,18/07/2026,,PAY-0109-01,Pending,0,1250000,0,1250000,1250000,50%,-1250000,No,0,0,2500000,Yes,Awaiting payment,Processing,Invoice received but unpaid,1,4,1,,
27,BIS,11/08/2026,FOU-003,Energie & Services Benin,INV-0110-01,Utility,Standard,PO-2026-0110,29/07/2026,31/07/2026,Closed,6 000 000,XOF,10/08/2026,5 084 746,915 254,6 000 000,Electricity and energy,Operations,CC-0004,EMP-0012,Bank Transfer,30,09/09/2026,GRN-0110-01,Complete,12/08/2026,16/08/2026,17/08/2026,18/08/2026,28/08/2026,PAY-0110-01,Paid,6000000,0,0,6000000,0,100%,0,No,0,6000000,0,Yes,,Approved,Single invoice,1,4,1,10,17
28,BIS,10/08/2026,FOU-020,Professional Services Benin,INV-0111-01,Service,Standard,PO-2026-0111,08/08/2026,10/08/2026,Partially Invoiced,4 000 000,XOF,11/08/2026,1 271 186,228 814,1 500 000,Consulting services,Finance,CC-0002,EMP-0002,Bank Transfer,30,10/09/2026,SES-0111-01,Complete,11/08/2026,15/08/2026,16/08/2026,17/08/2026,27/08/2026,PAY-0111-01,Paid,1500000,0,0,1500000,2500000,37.5%,-2500000,No,0,1500000,2500000,No,,Approved,Consulting phase 1,1,4,1,10,17
29,BIS,30/08/2026,FOU-020,Professional Services Benin,INV-0111-02,Service,Standard,PO-2026-0111,08/08/2026,10/08/2026,Partially Invoiced,4 000 000,XOF,29/08/2026,847 458,152 542,1 000 000,Consulting services,Finance,CC-0002,EMP-0002,Bank Transfer,30,28/09/2026,SES-0111-02,Complete,31/08/2026,04/09/2026,05/09/2026,06/09/2026,16/09/2026,PAY-0111-02,Paid,1000000,0,1500000,2500000,1500000,62.5%,-1500000,No,1500000,2500000,1500000,No,,Approved,Consulting phase 2,1,4,1,10,17
30,BIS,20/09/2026,FOU-020,Professional Services Benin,INV-0111-03,Service,Standard,PO-2026-0111,08/08/2026,10/08/2026,Closed,4 000 000,XOF,19/09/2026,1 694 915,305 085,2 000 000,Consulting services,Finance,CC-0002,EMP-0002,Bank Transfer,30,19/10/2026,SES-0111-03,Complete,21/09/2026,25/09/2026,26/09/2026,27/09/2026,,PAY-0111-03,Pending,0,2000000,2500000,4500000,-500000,112.5%,500000,Yes,2500000,2500000,1500000,Yes,Over PO value,Exception,"Over-invoiced by 500,000 XOF",1,4,1,,
31,BIS,12/08/2026,FOU-013,AutoFleet Benin,INV-0112-01,Service,Standard,PO-2026-0112,18/08/2026,20/08/2026,Partially Invoiced,5 000 000,XOF,21/08/2026,2 118 644,381 356,2 500 000,Vehicle maintenance,Logistics,CC-0006,EMP-0020,Bank Transfer,30,20/09/2026,SES-0112-01,Complete,13/08/2026,17/08/2026,18/08/2026,19/08/2026,29/08/2026,PAY-0112-01,Paid,2500000,0,0,2500000,2500000,50%,-2500000,No,0,2500000,2500000,No,,Approved,Maintenance phase 1,1,4,1,10,17
32,BIS,02/09/2026,FOU-013,AutoFleet Benin,INV-0112-02,Service,Standard,PO-2026-0112,18/08/2026,20/08/2026,Closed,5 000 000,XOF,01/09/2026,2 118 644,381 356,2 500 000,Vehicle maintenance,Logistics,CC-0006,EMP-0020,Bank Transfer,30,01/10/2026,SES-0112-02,Complete,03/09/2026,07/09/2026,08/09/2026,09/09/2026,19/09/2026,PAY-0112-02,Paid,2500000,0,2500000,5000000,0,100%,0,No,2500000,5000000,0,Yes,,Approved,Final maintenance invoice,1,4,1,10,17
33,BIS,06/08/2026,FOU-026,Industrial Tools Benin,INV-0113-01,Material,Standard,PO-2026-0113,17/08/2026,19/08/2026,Closed,4 500 000,XOF,20/08/2026,3 813 559,686 441,4 500 000,Industrial tools,Procurement,CC-0005,EMP-0018,Bank Transfer,45,04/10/2026,GRN-0113-01,Complete,07/08/2026,11/08/2026,12/08/2026,13/08/2026,23/08/2026,PAY-0113-01,Paid,4500000,0,0,4500000,0,100%,0,No,0,4500000,0,Yes,,Approved,Single invoice,1,4,1,10,17
34,BIS,12/08/2026,FOU-023,Hotel & Travel Services,INV-0114-01,Service,Standard,PO-2026-0114,19/07/2026,21/07/2026,Partially Invoiced,3 000 000,XOF,11/08/2026,847 458,152 542,1 000 000,Business travel services,HR,CC-0007,EMP-0024,Bank Transfer,30,10/09/2026,SES-0114-01,Complete,13/08/2026,18/08/2026,20/08/2026,21/08/2026,02/09/2026,PAY-0114-01,Paid,1000000,0,0,1000000,2000000,33.33%,-2000000,No,0,1000000,2000000,No,,Approved,Travel services phase 1,1,5,2,12,21
35,BIS,12/08/2026,FOU-023,Hotel & Travel Services,INV-0114-02,Service,Standard,PO-2026-0114,19/07/2026,21/07/2026,Partially Invoiced,3 000 000,XOF,11/08/2026,847 458,152 542,1 000 000,Business travel services,HR,CC-0007,EMP-0024,Bank Transfer,30,10/09/2026,SES-0114-02,Complete,13/08/2026,18/08/2026,20/08/2026,21/08/2026,02/09/2026,PAY-0114-02,Partially Paid,500000,500000,1000000,2000000,1000000,66.67%,-1000000,No,1000000,1500000,1500000,No,,Approved,Partial payment,1,5,2,12,21
36,BIS,06/05/2026,FOU-029,Agri Supply Benin,INV-0102-01,Material,Standard,PO-2026-0102,01/05/2026,03/05/2026,Partially Invoiced,6 500 000,XOF,05/05/2026,2 118 644,381 356,2 500 000,Agricultural supplies,Operations,CC-0004,EMP-0018,Bank Transfer,30,04/06/2026,GRN-0102-01,Complete,07/05/2026,10/05/2026,11/05/2026,12/05/2026,20/05/2026,PAY-0102-01,Paid,2500000,0,0,2500000,4000000,38.46,-4000000,No,0,2500000,0,No,,Approved,Invoice 1 against PO-2026-0102,5,3,1,8,14
37,BIS,23/05/2026,FOU-029,Agri Supply Benin,INV-0102-02,Material,Standard,PO-2026-0102,01/05/2026,03/05/2026,Partially Invoiced,6 500 000,XOF,22/05/2026,1 694 915,305 085,2 000 000,Agricultural supplies,Operations,CC-0004,EMP-0018,Bank Transfer,30,21/06/2026,GRN-0102-02,Complete,25/05/2026,29/05/2026,31/05/2026,01/06/2026,11/06/2026,PAY-0102-02,Partially Paid,1400000,600000,2500000,4500000,2000000,69.23,-2000000,No,2500000,3900000,600000,No,Partial payment,Approved,Invoice 2 against PO-2026-0102,22,4,2,10,19
38,BIS,09/06/2026,FOU-029,Agri Supply Benin,INV-0102-03,Material,Standard,PO-2026-0102,01/05/2026,03/05/2026,Closed,6 500 000,XOF,08/06/2026,1 694 915,305 085,2 000 000,Agricultural supplies,Operations,CC-0004,EMP-0018,Bank Transfer,30,08/07/2026,GRN-0102-03,Complete,10/06/2026,15/06/2026,16/06/2026,17/06/2026,29/06/2026,PAY-0102-03,Paid,2000000,0,4500000,6500000,0,100,0,No,3900000,5900000,600000,Yes,,Approved,Invoice 3 against PO-2026-0102,39,5,1,12,20
39,BIS,11/05/2026,FOU-030,West Africa Spare Parts,INV-0103-01,Material,Standard,PO-2026-0103,06/05/2026,08/05/2026,Partially Invoiced,4 800 000,XOF,10/05/2026,1 525 424,274 576,1 800 000,Spare parts,Logistics,CC-0006,EMP-0020,Bank Transfer,60,09/07/2026,GRN-0103-01,Complete,12/05/2026,15/05/2026,16/05/2026,17/05/2026,25/05/2026,PAY-0103-01,Paid,1800000,0,0,1800000,3000000,37.5,-3000000,No,0,1800000,0,No,,Approved,Invoice 1 against PO-2026-0103,5,3,1,8,14
40,BIS,28/05/2026,FOU-030,West Africa Spare Parts,INV-0103-02,Material,Standard,PO-2026-0103,06/05/2026,08/05/2026,Closed,4 800 000,XOF,27/05/2026,1 271 186,228 814,1 500 000,Spare parts,Logistics,CC-0006,EMP-0020,Bank Transfer,60,26/07/2026,GRN-0103-02,Complete,30/05/2026,03/06/2026,05/06/2026,06/06/2026,16/06/2026,PAY-0103-02,Partially Paid,1500000,0,1800000,3300000,1500000,68.75,-1500000,No,1800000,3300000,0,Yes,Partial payment,Approved,Invoice 2 against PO-2026-0103,22,4,2,10,19
41,BIS,16/05/2026,FOU-006,Bénin Telecom Pro,INV-0104-01,Service,Standard,PO-2026-0104,11/05/2026,13/05/2026,Closed,2 400 000,XOF,15/05/2026,2 033 898,366 102,2 400 000,Telecommunications,IT,CC-0008,EMP-0026,Bank Transfer,30,14/06/2026,SES-0104-01,Complete,17/05/2026,20/05/2026,21/05/2026,22/05/2026,30/05/2026,PAY-0104-01,Paid,2400000,0,0,2400000,0,100,0,No,0,2400000,0,Yes,,Approved,Single invoice,5,3,1,8,14
42,BIS,21/05/2026,FOU-008,Cotonou Maintenance SARL,INV-0105-01,Service,Standard,PO-2026-0105,16/05/2026,18/05/2026,Partially Invoiced,7 200 000,XOF,20/05/2026,1 525 424,274 576,1 800 000,Maintenance,Operations,CC-0004,EMP-0013,Bank Transfer,45,04/07/2026,SES-0105-01,Complete,22/05/2026,25/05/2026,26/05/2026,27/05/2026,04/06/2026,PAY-0105-01,Paid,1800000,0,0,1800000,5400000,25,-5400000,No,0,1800000,0,No,,Approved,Monthly service invoice,5,3,1,8,14
43,BIS,07/06/2026,FOU-008,Cotonou Maintenance SARL,INV-0105-02,Service,Standard,PO-2026-0105,16/05/2026,18/05/2026,Partially Invoiced,7 200 000,XOF,06/06/2026,1 525 424,274 576,1 800 000,Maintenance,Operations,CC-0004,EMP-0013,Bank Transfer,45,21/07/2026,SES-0105-02,Complete,09/06/2026,13/06/2026,15/06/2026,16/06/2026,26/06/2026,PAY-0105-02,Paid,1800000,0,1800000,3600000,3600000,50,-3600000,No,1800000,3600000,0,No,,Approved,Monthly service invoice,22,4,2,10,19
44,BIS,24/06/2026,FOU-008,Cotonou Maintenance SARL,INV-0105-03,Service,Standard,PO-2026-0105,16/05/2026,18/05/2026,Partially Invoiced,7 200 000,XOF,23/06/2026,1 525 424,274 576,1 800 000,Maintenance,Operations,CC-0004,EMP-0013,Bank Transfer,45,07/08/2026,SES-0105-03,Complete,25/06/2026,30/06/2026,01/07/2026,02/07/2026,14/07/2026,PAY-0105-03,Paid,1800000,0,3600000,5400000,1800000,75,-1800000,No,3600000,5400000,0,No,,Approved,Monthly service invoice,39,5,1,12,20
45,BIS,11/07/2026,FOU-008,Cotonou Maintenance SARL,INV-0105-04,Service,Standard,PO-2026-0105,16/05/2026,18/05/2026,Closed,7 200 000,XOF,10/07/2026,1 525 424,274 576,1 800 000,Maintenance,Operations,CC-0004,EMP-0013,Bank Transfer,45,24/08/2026,SES-0105-04,Complete,13/07/2026,16/07/2026,18/07/2026,19/07/2026,02/08/2026,PAY-0105-04,Paid,1800000,0,5400000,7200000,0,100,0,No,5400000,7200000,0,Yes,,Approved,Monthly service invoice,56,3,2,14,22
46,BIS,26/05/2026,FOU-015,Communication Plus,INV-0106-01,Service,Standard,PO-2026-0106,21/05/2026,23/05/2026,Partially Invoiced,5 500 000,XOF,25/05/2026,1 694 915,305 085,2 000 000,Marketing,Sales,CC-0009,EMP-0008,Bank Transfer,30,24/06/2026,SES-0106-01,Complete,27/05/2026,30/05/2026,31/05/2026,01/06/2026,09/06/2026,PAY-0106-01,Paid,2000000,0,0,2000000,3500000,36.36,-3500000,No,0,2000000,0,No,,Approved,Invoice 1,5,3,1,8,14
47,BIS,12/06/2026,FOU-015,Communication Plus,INV-0106-02,Service,Standard,PO-2026-0106,21/05/2026,23/05/2026,Partially Invoiced,5 500 000,XOF,11/06/2026,1 694 915,305 085,2 000 000,Marketing,Sales,CC-0009,EMP-0008,Bank Transfer,30,11/07/2026,SES-0106-02,Complete,14/06/2026,18/06/2026,20/06/2026,21/06/2026,01/07/2026,PAY-0106-02,Paid,2000000,0,2000000,4000000,1500000,72.73,-1500000,No,2000000,4000000,0,No,,Approved,Invoice 2,22,4,2,10,19
48,BIS,29/06/2026,FOU-015,Communication Plus,INV-0106-03,Service,Standard,PO-2026-0106,21/05/2026,23/05/2026,Closed,5 500 000,XOF,28/06/2026,1 694 915,305 085,2 000 000,Marketing,Sales,CC-0009,EMP-0008,Bank Transfer,30,28/07/2026,SES-0106-03,Complete,30/06/2026,05/07/2026,06/07/2026,07/07/2026,19/07/2026,PAY-0106-03,Paid,2000000,0,4000000,6000000,-500000,109.09,500000,Yes,4000000,6000000,0,Yes,Over PO value,Exception,"Over-invoiced by 500,000 XOF",39,5,1,12,20
49,BIS,31/05/2026,FOU-024,Legal Advisory Benin,INV-0107-01,Service,Standard,PO-2026-0107,26/05/2026,28/05/2026,Partially Invoiced,3 000 000,XOF,30/05/2026,1 271 186,228 814,1 500 000,Legal services,Administration,CC-0012,EMP-0024,Bank Transfer,30,29/06/2026,SES-0107-01,Complete,01/06/2026,04/06/2026,05/06/2026,06/06/2026,,,Pending,0,1500000,0,1500000,1500000,50,-1500000,No,0,0,1500000,No,Awaiting payment,On Hold,Invoice 1,5,3,1,,
50,BIS,17/06/2026,FOU-024,Legal Advisory Benin,INV-0107-02,Service,Standard,PO-2026-0107,26/05/2026,28/05/2026,Closed,3 000 000,XOF,16/06/2026,1 271 186,228 814,1 500 000,Legal services,Administration,CC-0012,EMP-0024,Bank Transfer,30,16/07/2026,SES-0107-02,Complete,19/06/2026,23/06/2026,25/06/2026,26/06/2026,06/07/2026,PAY-0107-02,Paid,1500000,0,1500000,3000000,0,100,0,No,0,1500000,1500000,Yes,,Approved,Invoice 2,22,4,2,10,19
51,BIS,05/06/2026,FOU-025,HR Consulting Benin,INV-0108-01,Service,Standard,PO-2026-0108,31/05/2026,02/06/2026,Partially Invoiced,4 200 000,XOF,04/06/2026,1 016 949,183 051,1 200 000,HR services,HR,CC-0007,EMP-0024,Bank Transfer,30,04/07/2026,SES-0108-01,Complete,06/06/2026,09/06/2026,10/06/2026,11/06/2026,19/06/2026,PAY-0108-01,Paid,1200000,0,0,1200000,3000000,28.57,-3000000,No,0,1200000,0,No,,Approved,Invoice 1,5,3,1,8,14
52,BIS,22/06/2026,FOU-025,HR Consulting Benin,INV-0108-02,Service,Standard,PO-2026-0108,31/05/2026,02/06/2026,Partially Invoiced,4 200 000,XOF,21/06/2026,1 016 949,183 051,1 200 000,HR services,HR,CC-0007,EMP-0024,Bank Transfer,30,21/07/2026,SES-0108-02,Complete,24/06/2026,28/06/2026,30/06/2026,01/07/2026,11/07/2026,PAY-0108-02,Paid,1200000,0,1200000,2400000,1800000,57.14,-1800000,No,1200000,2400000,0,No,,Approved,Invoice 2,22,4,2,10,19
53,BIS,09/07/2026,FOU-025,HR Consulting Benin,INV-0108-03,Service,Standard,PO-2026-0108,31/05/2026,02/06/2026,Closed,4 200 000,XOF,08/07/2026,1 016 949,183 051,1 200 000,HR services,HR,CC-0007,EMP-0024,Bank Transfer,30,07/08/2026,SES-0108-03,Complete,10/07/2026,15/07/2026,16/07/2026,17/07/2026,,,Pending,0,1200000,2400000,3600000,600000,85.71,-600000,No,2400000,2400000,1200000,Yes,Finance payment pending,On Hold,Invoice 3,39,5,1,,
54,BIS,10/06/2026,FOU-028,Printing & Media Benin,INV-0109-01,Service,Standard,PO-2026-0109,05/06/2026,07/06/2026,Closed,2 800 000,XOF,09/06/2026,2 372 881,427 119,2 800 000,Printing,Administration,CC-0001,EMP-0029,Bank Transfer,30,09/07/2026,SES-0109-01,Complete,11/06/2026,14/06/2026,15/06/2026,16/06/2026,21/07/2026,PAY-0109-01,Paid,2800000,0,0,2800000,0,100,0,No,0,2800000,0,Yes,,Paid Late,Paid after contractual due date,5,3,1,35,41
55,BIS,15/06/2026,FOU-004,Cotonou Transport Logistics,INV-0110-01,Service,Standard,PO-2026-0110,10/06/2026,12/06/2026,Partially Invoiced,9 000 000,XOF,14/06/2026,2 542 373,457 627,3 000 000,Transport,Logistics,CC-0006,EMP-0020,Bank Transfer,30,14/07/2026,SES-0110-01,Complete,16/06/2026,19/06/2026,20/06/2026,21/06/2026,29/06/2026,PAY-0110-01,Paid,3000000,0,0,3000000,6000000,33.33,-6000000,No,0,3000000,0,No,,Approved,Invoice 1,5,3,1,8,14
56,BIS,02/07/2026,FOU-004,Cotonou Transport Logistics,INV-0110-02,Service,Standard,PO-2026-0110,10/06/2026,12/06/2026,Partially Invoiced,9 000 000,XOF,01/07/2026,2 118 644,381 356,2 500 000,Transport,Logistics,CC-0006,EMP-0020,Bank Transfer,30,31/07/2026,SES-0110-02,Complete,04/07/2026,08/07/2026,10/07/2026,11/07/2026,21/07/2026,PAY-0110-02,Partially Paid,1000000,1500000,3000000,5500000,3500000,61.11,-3500000,No,3000000,4000000,1500000,No,Partial payment,Approved,Invoice 2,22,4,2,10,19
57,BIS,19/07/2026,FOU-004,Cotonou Transport Logistics,INV-0110-03,Service,Standard,PO-2026-0110,10/06/2026,12/06/2026,Closed,9 000 000,XOF,18/07/2026,2 966 102,533 898,3 500 000,Transport,Logistics,CC-0006,EMP-0020,Bank Transfer,30,17/08/2026,SES-0110-03,Complete,20/07/2026,25/07/2026,26/07/2026,27/07/2026,08/08/2026,PAY-0110-03,Paid,3500000,0,5500000,9000000,0,100,0,No,4000000,7500000,1500000,Yes,,Approved,Invoice 3,39,5,1,12,20
58,BIS,20/06/2026,FOU-012,Africa Insurance Benin,INV-0111-01,Service,Standard,PO-2026-0111,15/06/2026,17/06/2026,Partially Invoiced,3 600 000,XOF,19/06/2026,1 525 424,274 576,1 800 000,Insurance,Administration,CC-0001,EMP-0024,Bank Transfer,30,19/07/2026,SES-0111-01,Complete,21/06/2026,24/06/2026,25/06/2026,26/06/2026,04/07/2026,PAY-0111-01,Paid,1800000,0,0,1800000,1800000,50,-1800000,No,0,1800000,0,No,,Approved,Invoice 1,5,3,1,8,14
59,BIS,07/07/2026,FOU-012,Africa Insurance Benin,INV-0111-02,Service,Standard,PO-2026-0111,15/06/2026,17/06/2026,Closed,3 600 000,XOF,06/07/2026,1 525 424,274 576,1 800 000,Insurance,Administration,CC-0001,EMP-0024,Bank Transfer,30,05/08/2026,SES-0111-02,Complete,09/07/2026,13/07/2026,15/07/2026,16/07/2026,26/07/2026,PAY-0111-02,Paid,1800000,0,1800000,3600000,0,100,0,No,1800000,3600000,0,Yes,,Approved,Invoice 2,22,4,2,10,19
60,BIS,25/06/2026,FOU-003,Energie & Services Benin,INV-0112-01,Utility,Standard,PO-2026-0112,20/06/2026,22/06/2026,Partially Invoiced,7 500 000,XOF,24/06/2026,2 118 644,381 356,2 500 000,Electricity,Operations,CC-0004,EMP-0012,Bank Transfer,30,24/07/2026,GRN-0112-01,Complete,26/06/2026,29/06/2026,30/06/2026,01/07/2026,09/07/2026,PAY-0112-01,Paid,2500000,0,0,2500000,5000000,33.33,-5000000,No,0,2500000,0,No,,Approved,Invoice 1,5,3,1,8,14
61,BIS,12/07/2026,FOU-003,Energie & Services Benin,INV-0112-02,Utility,Standard,PO-2026-0112,20/06/2026,22/06/2026,Partially Invoiced,7 500 000,XOF,11/07/2026,2 118 644,381 356,2 500 000,Electricity,Operations,CC-0004,EMP-0012,Bank Transfer,30,10/08/2026,GRN-0112-02,Complete,14/07/2026,18/07/2026,20/07/2026,21/07/2026,31/07/2026,PAY-0112-02,Paid,2500000,0,2500000,5000000,2500000,66.67,-2500000,No,2500000,5000000,0,No,,Approved,Invoice 2,22,4,2,10,19
62,BIS,29/07/2026,FOU-003,Energie & Services Benin,INV-0112-03,Utility,Standard,PO-2026-0112,20/06/2026,22/06/2026,Closed,7 500 000,XOF,28/07/2026,2 542 373,457 627,3 000 000,Electricity,Operations,CC-0004,EMP-0012,Bank Transfer,30,27/08/2026,GRN-0112-03,Complete,30/07/2026,04/08/2026,05/08/2026,06/08/2026,18/08/2026,PAY-0112-03,Paid,3000000,0,5000000,8000000,-500000,106.67,500000,Yes,5000000,8000000,0,Yes,Over PO value,Exception,"Over-invoiced by 500,000 XOF",39,5,1,12,20
63,BIS,30/06/2026,FOU-002,Atlantique Office SARL,INV-0113-01,Material,Standard,PO-2026-0113,25/06/2026,27/06/2026,Partially Invoiced,2 100 000,XOF,29/06/2026,593 220,106 780,700 000,Office supplies,Administration,CC-0001,EMP-0029,Bank Transfer,30,29/07/2026,GRN-0113-01,Complete,01/07/2026,04/07/2026,05/07/2026,06/07/2026,14/07/2026,PAY-0113-01,Paid,700000,0,0,700000,1400000,33.33,-1400000,No,0,700000,0,No,,Approved,Invoice 1,5,3,1,8,14
64,BIS,17/07/2026,FOU-002,Atlantique Office SARL,INV-0113-02,Material,Standard,PO-2026-0113,25/06/2026,27/06/2026,Partially Invoiced,2 100 000,XOF,16/07/2026,593 220,106 780,700 000,Office supplies,Administration,CC-0001,EMP-0029,Bank Transfer,30,15/08/2026,GRN-0113-02,Complete,19/07/2026,23/07/2026,25/07/2026,26/07/2026,05/08/2026,PAY-0113-02,Partially Paid,280000,420000,700000,1400000,700000,66.67,-700000,No,700000,980000,420000,No,Partial payment,Approved,Invoice 2,22,4,2,10,19
65,BIS,03/08/2026,FOU-002,Atlantique Office SARL,INV-0113-03,Material,Standard,PO-2026-0113,25/06/2026,27/06/2026,Closed,2 100 000,XOF,02/08/2026,593 220,106 780,700 000,Office supplies,Administration,CC-0001,EMP-0029,Bank Transfer,30,01/09/2026,GRN-0113-03,Complete,04/08/2026,09/08/2026,10/08/2026,11/08/2026,23/08/2026,PAY-0113-03,Paid,700000,0,1400000,2100000,0,100,0,No,980000,1680000,420000,Yes,,Approved,Invoice 3,39,5,1,12,20
66,BIS,05/07/2026,FOU-001,Benin Industrial Supply,INV-0114-01,Material,Standard,PO-2026-0114,30/06/2026,02/07/2026,Partially Invoiced,14 000 000,XOF,04/07/2026,3 389 831,610 169,4 000 000,Raw materials,Operations,CC-0004,EMP-0013,Bank Transfer,45,18/08/2026,GRN-0114-01,Complete,06/07/2026,09/07/2026,10/07/2026,11/07/2026,19/07/2026,PAY-0114-01,Paid,4000000,0,0,4000000,10000000,28.57,-10000000,No,0,4000000,0,No,,Approved,Invoice 1,5,3,1,8,14
67,BIS,22/07/2026,FOU-001,Benin Industrial Supply,INV-0114-02,Material,Standard,PO-2026-0114,30/06/2026,02/07/2026,Partially Invoiced,14 000 000,XOF,21/07/2026,3 389 831,610 169,4 000 000,Raw materials,Operations,CC-0004,EMP-0013,Bank Transfer,45,04/09/2026,GRN-0114-02,Complete,24/07/2026,28/07/2026,30/07/2026,31/07/2026,10/08/2026,PAY-0114-02,Paid,4000000,0,4000000,8000000,6000000,57.14,-6000000,No,4000000,8000000,0,No,,Approved,Invoice 2,22,4,2,10,19
68,BIS,08/08/2026,FOU-001,Benin Industrial Supply,INV-0114-03,Material,Standard,PO-2026-0114,30/06/2026,02/07/2026,Closed,14 000 000,XOF,07/08/2026,5 084 746,915 254,6 000 000,Raw materials,Operations,CC-0004,EMP-0013,Bank Transfer,45,21/09/2026,GRN-0114-03,Complete,09/08/2026,14/08/2026,15/08/2026,16/08/2026,28/08/2026,PAY-0114-03,Paid,6000000,0,8000000,14000000,0,100,0,No,8000000,14000000,0,Yes,,Approved,Invoice 3,39,5,1,12,20
69,BIS,10/07/2026,FOU-005,Africa Machinery Benin,INV-0115-01,CAPEX,Standard,PO-2026-0115,05/07/2026,07/07/2026,Partially Invoiced,16 000 000,XOF,09/07/2026,6 779 661,1 220 339,8 000 000,Machinery,Operations,CC-0004,EMP-0014,Bank Transfer,60,07/09/2026,GRN-0115-01,Complete,11/07/2026,14/07/2026,15/07/2026,16/07/2026,24/07/2026,PAY-0115-01,Paid,8000000,0,0,8000000,8000000,50,-8000000,No,0,8000000,0,No,,Approved,Invoice 1,5,3,1,8,14
70,BIS,27/07/2026,FOU-005,Africa Machinery Benin,INV-0115-02,CAPEX,Standard,PO-2026-0115,05/07/2026,07/07/2026,Closed,16 000 000,XOF,26/07/2026,6 779 661,1 220 339,8 000 000,Machinery,Operations,CC-0004,EMP-0014,Bank Transfer,60,24/09/2026,GRN-0115-02,Complete,29/07/2026,02/08/2026,04/08/2026,05/08/2026,15/08/2026,PAY-0115-02,Partially Paid,8000000,0,8000000,16000000,0,100,0,No,8000000,16000000,0,Yes,Partial payment,Approved,Invoice 2,22,4,2,10,19
71,BIS,15/07/2026,FOU-022,Express Courier Benin,INV-0116-01,Service,Standard,PO-2026-0116,10/07/2026,12/07/2026,Partially Invoiced,1 800 000,XOF,14/07/2026,762 712,137 288,900 000,Courier,Logistics,CC-0006,EMP-0020,Bank Transfer,15,29/07/2026,SES-0116-01,Complete,16/07/2026,19/07/2026,20/07/2026,21/07/2026,29/07/2026,PAY-0116-01,Paid,900000,0,0,900000,900000,50,-900000,No,0,900000,0,No,,Approved,Invoice 1,5,3,1,8,14
72,BIS,01/08/2026,FOU-022,Express Courier Benin,INV-0116-02,Service,Standard,PO-2026-0116,10/07/2026,12/07/2026,Closed,1 800 000,XOF,31/07/2026,762 712,137 288,900 000,Courier,Logistics,CC-0006,EMP-0020,Bank Transfer,15,15/08/2026,SES-0116-02,Complete,03/08/2026,07/08/2026,09/08/2026,10/08/2026,,,Pending,0,900000,900000,1800000,0,100,0,No,900000,900000,900000,Yes,Invoice on payment hold,On Hold,Invoice 2,22,4,2,,
73,BIS,20/07/2026,FOU-015,Communication Plus,INV-0117-01,Service,Standard,PO-2026-0117,15/07/2026,17/07/2026,Partially Invoiced,7 000 000,XOF,19/07/2026,2 118 644,381 356,2 500 000,Marketing,Sales,CC-0009,EMP-0008,Bank Transfer,30,18/08/2026,SES-0117-01,Complete,21/07/2026,24/07/2026,25/07/2026,26/07/2026,03/08/2026,PAY-0117-01,Paid,2500000,0,0,2500000,4500000,35.71,-4500000,No,0,2500000,0,No,,Approved,Invoice 1,5,3,1,8,14
74,BIS,06/08/2026,FOU-015,Communication Plus,INV-0117-02,Service,Standard,PO-2026-0117,15/07/2026,17/07/2026,Partially Invoiced,7 000 000,XOF,05/08/2026,2 118 644,381 356,2 500 000,Marketing,Sales,CC-0009,EMP-0008,Bank Transfer,30,04/09/2026,SES-0117-02,Complete,08/08/2026,12/08/2026,14/08/2026,15/08/2026,25/08/2026,PAY-0117-02,Paid,2500000,0,2500000,5000000,2000000,71.43,-2000000,No,2500000,5000000,0,No,,Approved,Invoice 2,22,4,2,10,19
75,BIS,23/08/2026,FOU-015,Communication Plus,INV-0117-03,Service,Standard,PO-2026-0117,15/07/2026,17/07/2026,Closed,7 000 000,XOF,22/08/2026,2 118 644,381 356,2 500 000,Marketing,Sales,CC-0009,EMP-0008,Bank Transfer,30,21/09/2026,SES-0117-03,Complete,24/08/2026,29/08/2026,30/08/2026,31/08/2026,12/09/2026,PAY-0117-03,Paid,2500000,0,5000000,7500000,-500000,107.14,500000,Yes,5000000,7500000,0,Yes,Over PO value,Exception,"Over-invoiced by 500,000 XOF",39,5,1,12,20
76,BIS,25/07/2026,FOU-030,West Africa Spare Parts,INV-0118-01,Material,Standard,PO-2026-0118,20/07/2026,22/07/2026,Partially Invoiced,6 000 000,XOF,24/07/2026,1 694 915,305 085,2 000 000,Spare parts,Logistics,CC-0006,EMP-0020,Bank Transfer,60,22/09/2026,GRN-0118-01,Complete,26/07/2026,29/07/2026,30/07/2026,31/07/2026,08/08/2026,PAY-0118-01,Paid,2000000,0,0,2000000,4000000,33.33,-4000000,No,0,2000000,0,No,,Approved,Invoice 1,5,3,1,8,14
77,BIS,11/08/2026,FOU-030,West Africa Spare Parts,INV-0118-02,Material,Standard,PO-2026-0118,20/07/2026,22/07/2026,Partially Invoiced,6 000 000,XOF,10/08/2026,1 694 915,305 085,2 000 000,Spare parts,Logistics,CC-0006,EMP-0020,Bank Transfer,60,09/10/2026,GRN-0118-02,Complete,13/08/2026,17/08/2026,19/08/2026,20/08/2026,30/08/2026,PAY-0118-02,Partially Paid,800000,1200000,2000000,4000000,2000000,66.67,-2000000,No,2000000,2800000,1200000,No,Partial payment,Approved,Invoice 2,22,4,2,10,19
78,BIS,28/08/2026,FOU-030,West Africa Spare Parts,INV-0118-03,Material,Standard,PO-2026-0118,20/07/2026,22/07/2026,Closed,6 000 000,XOF,27/08/2026,1 694 915,305 085,2 000 000,Spare parts,Logistics,CC-0006,EMP-0020,Bank Transfer,60,26/10/2026,GRN-0118-03,Complete,29/08/2026,03/09/2026,04/09/2026,05/09/2026,17/09/2026,PAY-0118-03,Paid,2000000,0,4000000,6000000,0,100,0,No,2800000,4800000,1200000,Yes,,Approved,Invoice 3,39,5,1,12,20
79,BIS,13/08/2026,FOU-007,Aqua Benin Services,INV-0119-01,Utility,Standard,PO-2026-0119,08/08/2026,10/08/2026,Closed,1 800 000,XOF,12/08/2026,1 525 424,274 576,1 800 000,Water,Operations,CC-0004,EMP-0012,Bank Transfer,30,11/09/2026,GRN-0119-01,Complete,14/08/2026,18/08/2026,19/08/2026,20/08/2026,29/08/2026,PAY-0119-01,Paid,1800000,0,0,1800000,0,100,0,No,0,1800000,0,Yes,,Approved,Single invoice,5,4,1,9,16
80,BIS,17/08/2026,FOU-010,SecureGuard Benin,INV-0120-01,Service,Standard,PO-2026-0120,12/08/2026,14/08/2026,Partially Invoiced,5 400 000,XOF,16/08/2026,1 525 424,274 576,1 800 000,Security,Administration,CC-0001,EMP-0024,Bank Transfer,30,15/09/2026,SES-0120-01,Complete,18/08/2026,22/08/2026,23/08/2026,24/08/2026,02/09/2026,PAY-0120-01,Paid,1800000,0,0,1800000,3600000,33.33,-3600000,No,0,1800000,0,No,,Approved,Invoice 1,5,4,1,9,16
81,BIS,02/09/2026,FOU-010,SecureGuard Benin,INV-0120-02,Service,Standard,PO-2026-0120,12/08/2026,14/08/2026,Partially Invoiced,5 400 000,XOF,01/09/2026,1 525 424,274 576,1 800 000,Security,Administration,CC-0001,EMP-0024,Bank Transfer,30,01/10/2026,SES-0120-02,Complete,03/09/2026,07/09/2026,08/09/2026,09/09/2026,19/09/2026,PAY-0120-02,Paid,1800000,0,1800000,3600000,1800000,66.67,-1800000,No,1800000,3600000,0,No,,Approved,Invoice 2,21,4,1,10,17
82,BIS,18/09/2026,FOU-010,SecureGuard Benin,INV-0120-03,Service,Standard,PO-2026-0120,12/08/2026,14/08/2026,Closed,5 400 000,XOF,17/09/2026,1 525 424,274 576,1 800 000,Security,Administration,CC-0001,EMP-0024,Bank Transfer,30,17/10/2026,SES-0120-03,Complete,19/09/2026,23/09/2026,24/09/2026,25/09/2026,,,Pending,0,1800000,3600000,5400000,0,100,0,No,3600000,3600000,1800000,Yes,Finance payment pending,On Hold,Invoice 3,37,4,1,,
83,BIS,21/08/2026,FOU-019,Packaging Solutions BJ,INV-0121-01,Material,Standard,PO-2026-0121,16/08/2026,18/08/2026,Partially Invoiced,9 500 000,XOF,20/08/2026,2 542 373,457 627,3 000 000,Packaging,Operations,CC-0004,EMP-0018,Bank Transfer,30,19/09/2026,GRN-0121-01,Complete,22/08/2026,26/08/2026,27/08/2026,28/08/2026,06/09/2026,PAY-0121-01,Paid,3000000,0,0,3000000,6500000,31.58,-6500000,No,0,3000000,0,No,,Approved,Invoice 1,5,4,1,9,16
84,BIS,06/09/2026,FOU-019,Packaging Solutions BJ,INV-0121-02,Material,Standard,PO-2026-0121,16/08/2026,18/08/2026,Partially Invoiced,9 500 000,XOF,05/09/2026,2 542 373,457 627,3 000 000,Packaging,Operations,CC-0004,EMP-0018,Bank Transfer,30,05/10/2026,GRN-0121-02,Complete,07/09/2026,11/09/2026,12/09/2026,13/09/2026,23/09/2026,PAY-0121-02,Partially Paid,1500000,1500000,3000000,6000000,3500000,63.16,-3500000,No,3000000,4500000,1500000,No,Partial payment,Approved,Partial payment,21,4,1,10,17
85,BIS,22/09/2026,FOU-019,Packaging Solutions BJ,INV-0121-03,Material,Standard,PO-2026-0121,16/08/2026,18/08/2026,Closed,9 500 000,XOF,21/09/2026,2 542 373,457 627,3 000 000,Packaging,Operations,CC-0004,EMP-0018,Bank Transfer,30,21/10/2026,GRN-0121-03,Complete,23/09/2026,27/09/2026,28/09/2026,29/09/2026,10/10/2026,PAY-0121-03,Paid,3000000,0,6000000,9000000,500000,94.74,-500000,No,4500000,7500000,1500000,Yes,,Approved,Invoice 3,37,4,1,11,18
86,BIS,23/09/2026,FOU-020,Packaging Solutions BJ,INV-0121-04,Material,Standard,PO-2026-0122,17/08/2026,19/08/2026,Closed,9 500 000,XOF,22/09/2026,2 542 373,457 627,3 000 000,Packaging,Operations,CC-0005,EMP-0019,Bank Transfer,30,22/10/2026,GRN-0121-04,Complete,24/09/2026,28/09/2026,29/09/2026,30/09/2026,11/10/2026,PAY-0121-04,Paid,3000000,0,6000000,9000000,500000,94.75,-500000,No,4500000,7500000,1500000,Yes,,Approved,Invoice 4,37,4,1,11,18
87,BIS,24/09/2026,FOU-021,Packaging Solutions BJ,INV-0121-05,Material,Standard,PO-2026-0123,18/08/2026,20/08/2026,Closed,9 500 000,XOF,23/09/2026,2 542 373,457 627,3 000 000,Packaging,Operations,CC-0006,EMP-0020,Bank Transfer,30,23/10/2026,GRN-0121-05,Complete,25/09/2026,29/09/2026,30/09/2026,01/10/2026,12/10/2026,PAY-0121-05,Paid,3000000,0,6000000,9000000,500000,94.76,-500000,No,4500000,7500000,1500000,Yes,,Approved,Invoice 5,37,4,1,11,18
88,BIS,25/09/2026,FOU-022,Packaging Solutions BJ,INV-0121-06,Material,Standard,PO-2026-0124,19/08/2026,21/08/2026,Closed,9 500 000,XOF,24/09/2026,2 542 373,457 627,3 000 000,Packaging,Operations,CC-0007,EMP-0021,Bank Transfer,30,24/10/2026,GRN-0121-06,Complete,26/09/2026,30/09/2026,01/10/2026,02/10/2026,13/10/2026,PAY-0121-06,Paid,3000000,0,6000000,9000000,500000,94.77,-500000,No,4500000,7500000,1500000,Yes,,Approved,Invoice 6,37,4,1,11,18